{
  "steer_table": [
    -1.0,
    -0.8,
    -0.6,
    -0.4,
    -0.2,
    0.0,
    0.2,
    0.4,
    0.6,
    0.8,
    1.0
  ],
  "gyro_table": [
    1593.0,
    1498.5714285714287,
    1230.857142857143,
    987.1428571428571,
    604.4285714285714,
    269.85714285714283,
    -48.57142857142857,
    -383.42857142857144,
    -720.2857142857143,
    -948.8571428571429,
    -1342.5714285714287
  ],
  "base_gyro": 269.85714285714283,
  "zero_correction": 0.0,
  "usable_gyro": 1323.142857142857
}